"benchmark","size","mode","baseline_ms","current_ms","ratio","delta_pct"
"laughing.man.commits.benchmark.SqlLikePipelineJmhBenchmark.parseAndExplain","10000","avgt","0.00104847568919694","0.00304674420706903","2.9058796865406","190.58796865406"
"laughing.man.commits.benchmark.SqlLikePipelineJmhBenchmark.parseAndExplain","1000","avgt","0.00112712370756194","0.00278258619735459","2.46874959570635","146.874959570635"
"laughing.man.commits.benchmark.StatsQueryJmhBenchmark.sqlLikeGroupedMetricsExplain","10000","avgt","0.00102849914724275","0.00227725973648518","2.21415811825431","121.415811825431"
"laughing.man.commits.benchmark.StatsQueryJmhBenchmark.sqlLikeGroupedMetricsExplain","1000","avgt","0.00106033020867681","0.00232780207422217","2.19535580064916","119.535580064916"
"laughing.man.commits.benchmark.PojoLensPipelineJmhBenchmark.fullGroupPipeline","10000","avgt","1.88658518518519","3.10162121212121","1.64403984324554","64.4039843245541"
"laughing.man.commits.benchmark.ChartVisualizationJmhBenchmark.fluentLineMapping","10000","avgt","0.48939900990099","0.76399","1.56107794364881","56.1077943648807"
"laughing.man.commits.benchmark.ChartVisualizationJmhBenchmark.sqlLikePieMapping","1000","avgt","0.0443798460144928","0.0630955627009646","1.42171657559064","42.1716575590642"
"laughing.man.commits.benchmark.ChartVisualizationJmhBenchmark.fluentAreaMapping","10000","avgt","0.514969072164948","0.704999285714286","1.36901286663769","36.9012866637686"
"laughing.man.commits.benchmark.StatsQueryJmhBenchmark.fluentGroupedMetrics","10000","avgt","0.412625833333333","0.552601675977654","1.33923189324708","33.9231893247079"
"laughing.man.commits.benchmark.StatsQueryJmhBenchmark.fluentGroupedMetricsToChart","10000","avgt","0.399001214574899","0.530551063829787","1.32969786669708","32.9697866697081"
"laughing.man.commits.benchmark.ChartVisualizationJmhBenchmark.sqlLikeAreaMapping","10000","avgt","0.560929775280899","0.728219852941176","1.29823711457732","29.8237114577316"
"laughing.man.commits.benchmark.ChartVisualizationJmhBenchmark.barPayloadJsonExport","10000","avgt","0.000388616934239341","0.00049872284831687","1.28332762773976","28.3327627739757"
"laughing.man.commits.benchmark.ChartVisualizationJmhBenchmark.piePayloadJsonExport","1000","avgt","0.000362427968966294","0.000459872022117432","1.26886460619765","26.8864606197652"
"laughing.man.commits.benchmark.ChartVisualizationJmhBenchmark.areaPayloadJsonExport","1000","avgt","0.0022181115073246","0.00280793528276681","1.26591258982901","26.5912589829011"
"laughing.man.commits.benchmark.ChartVisualizationJmhBenchmark.fluentBarMapping","10000","avgt","0.262289736842105","0.332015878378378","1.26583633189677","26.5836331896765"
"laughing.man.commits.benchmark.ChartVisualizationJmhBenchmark.piePayloadJsonExport","10000","avgt","0.000379908375698297","0.000479747669323295","1.26279834826354","26.2798348263543"
"laughing.man.commits.benchmark.StatsQueryJmhBenchmark.sqlLikeParseAndTimeBucketMetricsToChart","1000","avgt","0.146782388059701","0.185182797731569","1.26161455866387","26.1614558663869"
"laughing.man.commits.benchmark.PojoLensJoinJmhBenchmark.pojoLensJoinLeft","1000","avgt","0.923546363636364","1.15037528089888","1.24560642128393","24.5606421283928"
"laughing.man.commits.benchmark.ChartVisualizationJmhBenchmark.sqlLikeBarMapping","1000","avgt","0.045050871559633","0.0559427594070696","1.2417686377725","24.1768637772504"
"laughing.man.commits.benchmark.ChartVisualizationJmhBenchmark.fluentPieMapping","10000","avgt","0.261037301587302","0.323514473684211","1.2393419320419","23.93419320419"
"laughing.man.commits.benchmark.StatsQueryJmhBenchmark.sqlLikeParseAndGroupedMetricsToChart","10000","avgt","0.492560891089109","0.607839877300614","1.23404007158711","23.4040071587108"
"laughing.man.commits.benchmark.StatsQueryJmhBenchmark.sqlLikeParseAndGroupedMetrics","10000","avgt","0.530548663101604","0.648218954248366","1.22178981746718","22.1789817467181"
"laughing.man.commits.benchmark.PojoLensPipelineJmhBenchmark.fullFilterPipeline","10000","avgt","0.00801333756244548","0.00975742708132123","1.21764832758942","21.7648327589421"
"laughing.man.commits.benchmark.StatsQueryJmhBenchmark.sqlLikeParseAndTimeBucketMetrics","1000","avgt","0.157041373801917","0.190800778210117","1.21497140270042","21.4971402700425"
"laughing.man.commits.benchmark.StatsQueryJmhBenchmark.sqlLikeParseAndTimeBucketMetricsToChart","10000","avgt","1.16636823529412","1.41456142857143","1.21279145450555","21.2791454505553"
"laughing.man.commits.benchmark.ChartVisualizationJmhBenchmark.sqlLikePieMapping","10000","avgt","0.293349554896142","0.352005017921147","1.19995074833426","19.9950748334256"
"laughing.man.commits.benchmark.ChartVisualizationJmhBenchmark.sqlLikeBarMapping","10000","avgt","0.297573111782477","0.356628880866426","1.19845801500748","19.8458015007477"
"laughing.man.commits.benchmark.PojoLensPipelineJmhBenchmark.fullGroupPipeline","1000","avgt","0.342415017064846","0.410195918367347","1.19794955806411","19.7949558064109"
"laughing.man.commits.benchmark.ChartVisualizationJmhBenchmark.fluentPieMapping","1000","avgt","0.0355829841040462","0.0426076559139785","1.19741660197447","19.7416601974466"
"laughing.man.commits.benchmark.ChartVisualizationJmhBenchmark.fluentPieMapping","100000","avgt","1.66330333333333","1.9826","1.19196538614925","19.1965386149249"
"laughing.man.commits.benchmark.ChartVisualizationJmhBenchmark.fluentBarMapping","100000","avgt","1.68050169491525","1.993454","1.18622552183771","18.6225521837708"
"laughing.man.commits.benchmark.ChartVisualizationJmhBenchmark.linePayloadJsonExport","100000","avgt","0.00246204978742747","0.00288956822107081","1.17364329341611","17.364329341611"
"laughing.man.commits.benchmark.ChartVisualizationJmhBenchmark.scatterPayloadJsonExport","1000","avgt","0.0637185593770279","0.0741733133433283","1.16407706119718","16.4077061197175"
"laughing.man.commits.benchmark.ChartVisualizationJmhBenchmark.fluentBarMapping","1000","avgt","0.034098680097256","0.0394019857029388","1.15552817852646","15.5528178526465"
"laughing.man.commits.benchmark.StatsQueryJmhBenchmark.fluentGroupedMetricsToChart","1000","avgt","0.0529725416442773","0.0611913739987677","1.15515269041991","15.5152690419912"
"laughing.man.commits.benchmark.ChartVisualizationJmhBenchmark.sqlLikeLineMapping","1000","avgt","0.12683568677792","0.146506994047619","1.15509284310607","15.509284310607"
"laughing.man.commits.benchmark.StatsQueryJmhBenchmark.sqlLikeParseAndGroupedMetrics","1000","avgt","0.0820993344425957","0.0942944075829384","1.14854046288121","14.8540462881214"
"laughing.man.commits.benchmark.StatsQueryJmhBenchmark.sqlLikeParseAndTimeBucketMetrics","10000","avgt","1.29252857142857","1.47144117647059","1.13842061908486","13.8420619084863"
"laughing.man.commits.benchmark.ChartVisualizationJmhBenchmark.sqlLikePieMapping","100000","avgt","1.79319464285714","2.02510204081633","1.1293263945902","12.9326394590205"
"laughing.man.commits.benchmark.ChartVisualizationJmhBenchmark.sqlLikeAreaMapping","1000","avgt","0.136187777777778","0.152862461538462","1.12243891509774","12.2438915097744"
"laughing.man.commits.benchmark.ChartVisualizationJmhBenchmark.sqlLikeBarMapping","100000","avgt","1.84232222222222","2.06626458333333","1.12155439391107","12.1554393911066"
"laughing.man.commits.benchmark.ChartVisualizationJmhBenchmark.sqlLikeLineMapping","10000","avgt","0.652577777777778","0.728502222222222","1.11634543349452","11.6345433494518"
"laughing.man.commits.benchmark.ChartVisualizationJmhBenchmark.scatterPayloadJsonExport","100000","avgt","1.21261707317073","1.35075479452055","1.11391701832848","11.3917018328479"
"laughing.man.commits.benchmark.ChartVisualizationJmhBenchmark.fluentLineMapping","1000","avgt","0.106496801705757","0.118253928571429","1.11039887280517","11.0398872805174"
"laughing.man.commits.benchmark.StatsQueryJmhBenchmark.fluentTimeBucketMetricsToChart","1000","avgt","0.109448","0.121164640198511","1.10705211788714","10.7052117887135"
"laughing.man.commits.benchmark.StatsQueryJmhBenchmark.fluentGroupedMetricsExplain","10000","avgt","0.000730804001979185","0.00080742413095457","1.10484360891276","10.484360891276"
"laughing.man.commits.benchmark.StatsQueryJmhBenchmark.fluentTimeBucketMetrics","10000","avgt","1.17506071428571","1.26797820512821","1.07907462968752","7.9074629687516"
"laughing.man.commits.benchmark.StatsQueryJmhBenchmark.fluentTimeBucketMetricsToChart","10000","avgt","1.05685744680851","1.13388275862069","1.07288145818036","7.28814581803625"
"laughing.man.commits.benchmark.PojoLensPipelineJmhBenchmark.fullFilterPipeline","1000","avgt","0.00424935398341821","0.00454717453505007","1.07008607727057","7.00860772705729"
"laughing.man.commits.benchmark.StatsQueryJmhBenchmark.fluentTimeBucketMetrics","1000","avgt","0.120009535452323","0.12732189119171","1.06093145608661","6.09314560866052"
"laughing.man.commits.benchmark.SqlLikePipelineJmhBenchmark.parseOnly","1000","avgt","0.00399996463098326","0.0042173240915774","1.05434034563968","5.4340345639684"
"laughing.man.commits.benchmark.CsvLoadJmhBenchmark.csvTypedLoad","1000","avgt","1.55280615384615","1.6339564516129","1.0522604174164","5.22604174163965"
"laughing.man.commits.benchmark.StatsQueryJmhBenchmark.sqlLikeParseAndGroupedMetricsToChart","1000","avgt","0.088076618705036","0.0924955492424242","1.05017143712325","5.01714371232511"
"laughing.man.commits.benchmark.StatsQueryJmhBenchmark.fluentGroupedMetricsExplain","1000","avgt","0.000693650729597107","0.000720664750718481","1.03894470223806","3.89447022380609"
"laughing.man.commits.benchmark.ChartVisualizationJmhBenchmark.fluentAreaMapping","100000","avgt","4.037224","4.19013333333333","1.03787486979502","3.78748697950209"
"laughing.man.commits.benchmark.ChartVisualizationJmhBenchmark.areaPayloadJsonExport","10000","avgt","0.00276256682894776","0.00282276665760952","1.02179126601787","2.17912660178738"
"laughing.man.commits.benchmark.CsvLoadJmhBenchmark.csvTypedLoadMultiline","1000","avgt","0.986119417475728","1.00027920792079","1.01435910316147","1.43591031614712"
"laughing.man.commits.benchmark.ChartVisualizationJmhBenchmark.sqlLikeBoundScatterMapping","1000","avgt","0.201056415478615","0.203552685950413","1.01241577129412","1.24157712941204"
"laughing.man.commits.benchmark.SqlLikePipelineJmhBenchmark.sqlLikeCacheSnapshotRead","10000","avgt","0.00016475586631131","0.000166626308760947","1.01135281244616","1.13528124461564"
"laughing.man.commits.benchmark.ChartVisualizationJmhBenchmark.linePayloadJsonExport","1000","avgt","0.00193047096612715","0.00193711454212922","1.00344142756801","0.344142756800725"
"laughing.man.commits.benchmark.SqlLikePipelineJmhBenchmark.parseOnly","10000","avgt","0.00411982913669065","0.00413221512247071","1.00300643190994","0.300643190994432"
"laughing.man.commits.benchmark.ChartVisualizationJmhBenchmark.barPayloadJsonExport","1000","avgt","0.000360968650530124","0.000361773238356569","1.00222896870757","0.222896870756895"
"laughing.man.commits.benchmark.SqlLikePipelineJmhBenchmark.sqlLikeCacheSnapshotRead","1000","avgt","0.000168249114874946","0.00016807976366322","0.998993449612783","-0.100655038721664"
"laughing.man.commits.benchmark.ChartVisualizationJmhBenchmark.scatterPayloadJsonExport","10000","avgt","0.581980116959064","0.578955555555556","0.994802981553197","-0.519701844680298"
"laughing.man.commits.benchmark.ChartVisualizationJmhBenchmark.piePayloadJsonExport","100000","avgt","0.000424468786207043","0.000421806742328356","0.993728528539226","-0.627147146077389"
"laughing.man.commits.benchmark.ChartVisualizationJmhBenchmark.fluentScatterMapping","1000","avgt","0.173288070175439","0.170677358490566","0.984934267649069","-1.50657323509313"
"laughing.man.commits.benchmark.ChartVisualizationJmhBenchmark.barPayloadJsonExport","100000","avgt","0.000462827633796762","0.000454748973225307","0.982544990874501","-1.74550091254988"
"laughing.man.commits.benchmark.ChartVisualizationJmhBenchmark.sqlLikeScatterMapping","1000","avgt","0.218500442477876","0.211698717948718","0.96887088899215","-3.112911100785"
"laughing.man.commits.benchmark.ChartVisualizationJmhBenchmark.fluentScatterMapping","10000","avgt","1.65370666666667","1.60156612903226","0.968470504058917","-3.15294959410831"
"laughing.man.commits.benchmark.ChartVisualizationJmhBenchmark.fluentAreaMapping","1000","avgt","0.118391435464415","0.114553596287703","0.96758347289517","-3.24165271048299"
"laughing.man.commits.benchmark.CsvLoadJmhBenchmark.csvTypedLoad","10000","avgt","9.52998181818182","9.17453636363636","0.962702399508536","-3.72976004914636"
"laughing.man.commits.benchmark.CsvLoadJmhBenchmark.csvTypedLoadMultiline","10000","avgt","6.35108125","6.05325882352941","0.9531068152418","-4.68931847581998"
"laughing.man.commits.benchmark.ChartVisualizationJmhBenchmark.fluentScatterMapping","100000","avgt","5.25040526315789","4.92391428571429","0.93781604255683","-6.21839574431704"
"laughing.man.commits.benchmark.ChartVisualizationJmhBenchmark.sqlLikeAreaMapping","100000","avgt","4.127075","3.83086153846154","0.928226780095234","-7.17732199047657"
"laughing.man.commits.benchmark.StatsQueryJmhBenchmark.fluentGroupedMetrics","1000","avgt","0.0701273638968481","0.0646633637548892","0.922084620919217","-7.79153790807833"
"laughing.man.commits.benchmark.PojoLensJoinJmhBenchmark.pojoLensJoinLeft","10000","avgt","7.22952857142857","6.4314375","0.889606761555288","-11.0393238444712"
"laughing.man.commits.benchmark.ChartVisualizationJmhBenchmark.areaPayloadJsonExport","100000","avgt","0.00272204602985248","0.00241350144054133","0.886649753190295","-11.3350246809705"
"laughing.man.commits.benchmark.ChartVisualizationJmhBenchmark.sqlLikeScatterMapping","10000","avgt","2.04916326530612","1.77608928571429","0.866738788355626","-13.3261211644374"
"laughing.man.commits.benchmark.ChartVisualizationJmhBenchmark.linePayloadJsonExport","10000","avgt","0.00245759074569583","0.00198626346241359","0.808215715286318","-19.1784284713682"
"laughing.man.commits.benchmark.ChartVisualizationJmhBenchmark.sqlLikeBoundScatterMapping","10000","avgt","2.04288979591837","1.64361639344262","0.804554605307892","-19.5445394692108"
"laughing.man.commits.benchmark.ChartVisualizationJmhBenchmark.sqlLikeLineMapping","100000","avgt","5.061365","4.060576","0.802268953138136","-19.7731046861864"
"laughing.man.commits.benchmark.SqlLikePipelineJmhBenchmark.parseAndExplainExecution","1000","avgt","0.920347321428572","0.727942446043165","0.790943189700652","-20.9056810299348"
"laughing.man.commits.benchmark.SqlLikePipelineJmhBenchmark.parseAndFilterHavingComputed","10000","avgt","1.67531803278689","1.21442023809524","0.724889372840484","-27.5110627159516"
"laughing.man.commits.benchmark.ChartVisualizationJmhBenchmark.fluentLineMapping","100000","avgt","5.55512222222222","3.95757307692308","0.712418722506509","-28.7581277493491"
"laughing.man.commits.benchmark.SqlLikePipelineJmhBenchmark.parseAndFilterBooleanDepth","1000","avgt","0.545939784946237","0.385960536398467","0.706965396259729","-29.3034603740271"
"laughing.man.commits.benchmark.SqlLikePipelineJmhBenchmark.parseAndFilterWindowBaseline","1000","avgt","0.583427011494253","0.407004435483871","0.697609859443198","-30.2390140556802"
"laughing.man.commits.benchmark.SqlLikePipelineJmhBenchmark.parseAndFilterHaving","10000","avgt","1.88582407407407","1.269895","0.673389961162474","-32.6610038837526"
"laughing.man.commits.benchmark.SqlLikePipelineJmhBenchmark.parseAndFilterWindowBaseline","10000","avgt","2.08639591836735","1.39868767123288","0.670384589482605","-32.9615410517395"
"laughing.man.commits.benchmark.SqlLikePipelineJmhBenchmark.parseAndFilterHavingComputed","1000","avgt","0.482352153110048","0.322242948717949","0.668065741264411","-33.1934258735589"
"laughing.man.commits.benchmark.SqlLikePipelineJmhBenchmark.parseAndFilterHaving","1000","avgt","0.5080845","0.338635016835017","0.666493500264261","-33.3506499735739"
"laughing.man.commits.benchmark.SqlLikePipelineJmhBenchmark.parseAndFilter","1000","avgt","0.142348044692737","0.0944027958993476","0.663182947845325","-33.6817052154675"
"laughing.man.commits.benchmark.SqlLikePipelineJmhBenchmark.parseAndFilter","10000","avgt","1.08102553191489","0.695646575342466","0.643506147454464","-35.6493852545536"
"laughing.man.commits.benchmark.SqlLikePipelineJmhBenchmark.parseAndFilterBooleanDepth","10000","avgt","5.36317368421053","3.43070666666667","0.63967845694926","-36.032154305074"
"laughing.man.commits.benchmark.SqlLikePipelineJmhBenchmark.parseAndExplainExecution","10000","avgt","3.93512307692308","2.46506585365854","0.626426621346238","-37.3573378653762"
"laughing.man.commits.benchmark.SqlLikePipelineJmhBenchmark.parseAndFilterWindowRunningTotal","1000","avgt","3.1500875","1.93270566037736","0.613540309714368","-38.6459690285632"
"laughing.man.commits.benchmark.SqlLikePipelineJmhBenchmark.parseAndFilterWindowRunningTotal","10000","avgt","21.5693","13.1140375","0.607995507503721","-39.2004492496279"
"laughing.man.commits.benchmark.ChartVisualizationJmhBenchmark.sqlLikeScatterMapping","100000","avgt","14.7734142857143","8.89599166666667","0.602162201277262","-39.7837798722738"
"laughing.man.commits.benchmark.ChartVisualizationJmhBenchmark.sqlLikeBoundScatterMapping","100000","avgt","14.6329","8.409275","0.574682735479638","-42.5317264520362"
"laughing.man.commits.benchmark.SqlLikePipelineJmhBenchmark.parseAndFilterWindowRank","1000","avgt","3.00792647058824","1.71643220338983","0.570636357029752","-42.9363642970248"
"laughing.man.commits.benchmark.SqlLikePipelineJmhBenchmark.parseAndFilterWindowRank","10000","avgt","21.89282","10.22108","0.466869046564125","-53.3130953435875"
"laughing.man.commits.benchmark.PojoLensJoinJmhBenchmark.pojoLensJoinLeftComputedField","10000","avgt","18.1593666666667","1.0075495049505","0.0554837359388724","-94.4516264061128"
"laughing.man.commits.benchmark.PojoLensJoinJmhBenchmark.pojoLensJoinLeftComputedFieldOrderedLimited","1000","avgt","1.92257169811321","0.0848843724023275","0.044151472990907","-95.5848527009093"
"laughing.man.commits.benchmark.PojoLensJoinJmhBenchmark.pojoLensJoinLeftComputedField","1000","avgt","1.98188823529412","0.082059463850528","0.0414046879078175","-95.8595312092182"
"laughing.man.commits.benchmark.PojoLensJoinJmhBenchmark.pojoLensJoinLeftComputedFieldOrderedLimited","10000","avgt","11.447","0.225113053097345","0.0196656812350262","-98.0334318764974"
